review_text,sentiment,source
I had a excellent experience with the smart features and I am satisfied.,Positive,sample
This purchase feels reliable; the voice recognition exceeded my expectations.,Positive,sample
"The packaging is great, convenient, and works well every day.",Positive,sample
Very happy with the delivery; performance is great and easy to use.,Positive,sample
I recommend it because the sound quality is excellent and dependable.,Positive,sample
I had a reliable experience with the voice recognition and I am satisfied.,Positive,sample
Very happy with the sound quality; performance is perfect and easy to use.,Positive,sample
Very happy with the smart features; performance is reliable and easy to use.,Positive,sample
Very happy with the voice recognition; performance is clear and easy to use.,Positive,sample
I recommend it because the battery life is perfect and dependable.,Positive,sample
I had a amazing experience with the smart features and I am satisfied.,Positive,sample
I recommend it because the battery life is fast and dependable.,Positive,sample
"The connection is reliable, convenient, and works well every day.",Positive,sample
I had a great experience with the speaker and I am satisfied.,Positive,sample
I had a fast experience with the connection and I am satisfied.,Positive,sample
Very happy with the sound quality; performance is useful and easy to use.,Positive,sample
I recommend it because the setup process is smooth and dependable.,Positive,sample
I recommend it because the interface is great and dependable.,Positive,sample
This purchase feels perfect; the connection exceeded my expectations.,Positive,sample
Very happy with the smart features; performance is reliable and easy to use. Review number 19.,Positive,sample
I had a excellent experience with the packaging and I am satisfied.,Positive,sample
"The setup process is useful, convenient, and works well every day.",Positive,sample
"The speaker is great, convenient, and works well every day.",Positive,sample
This purchase feels helpful; the packaging exceeded my expectations.,Positive,sample
This purchase feels amazing; the connection exceeded my expectations.,Positive,sample
This purchase feels reliable; the packaging exceeded my expectations.,Positive,sample
This purchase feels great; the delivery exceeded my expectations.,Positive,sample
"The smart features is smooth, convenient, and works well every day.",Positive,sample
"The microphone is amazing, convenient, and works well every day.",Positive,sample
I recommend it because the packaging is useful and dependable.,Positive,sample
Very happy with the packaging; performance is reliable and easy to use.,Positive,sample
This purchase feels excellent; the voice recognition exceeded my expectations.,Positive,sample
I had a fast experience with the speaker and I am satisfied.,Positive,sample
This purchase feels great; the voice recognition exceeded my expectations.,Positive,sample
Very happy with the voice recognition; performance is fast and easy to use.,Positive,sample
I recommend it because the packaging is clear and dependable.,Positive,sample
I recommend it because the battery life is amazing and dependable.,Positive,sample
"The smart features is reliable, convenient, and works well every day.",Positive,sample
Very happy with the battery life; performance is smooth and easy to use.,Positive,sample
Very happy with the delivery; performance is clear and easy to use.,Positive,sample
I recommend it because the voice recognition is fast and dependable.,Positive,sample
"The microphone is smooth, convenient, and works well every day.",Positive,sample
I had a excellent experience with the setup process and I am satisfied.,Positive,sample
"The packaging is amazing, convenient, and works well every day.",Positive,sample
I recommend it because the setup process is perfect and dependable.,Positive,sample
I recommend it because the delivery is clear and dependable.,Positive,sample
I recommend it because the battery life is smooth and dependable.,Positive,sample
Very happy with the packaging; performance is excellent and easy to use.,Positive,sample
I had a smooth experience with the battery life and I am satisfied.,Positive,sample
This purchase feels great; the battery life exceeded my expectations.,Positive,sample
I recommend it because the microphone is amazing and dependable.,Positive,sample
I had a useful experience with the interface and I am satisfied.,Positive,sample
"The setup process is smooth, convenient, and works well every day.",Positive,sample
This purchase feels smooth; the delivery exceeded my expectations.,Positive,sample
"The connection is amazing, convenient, and works well every day.",Positive,sample
"The interface is smooth, convenient, and works well every day.",Positive,sample
I had a perfect experience with the connection and I am satisfied.,Positive,sample
I recommend it because the setup process is excellent and dependable.,Positive,sample
This purchase feels useful; the voice recognition exceeded my expectations.,Positive,sample
I had a reliable experience with the delivery and I am satisfied.,Positive,sample
I had a great experience with the smart features and I am satisfied.,Positive,sample
I recommend it because the interface is great and dependable. Review number 61.,Positive,sample
"The packaging is amazing, convenient, and works well every day. Review number 62.",Positive,sample
I recommend it because the mobile app is smooth and dependable.,Positive,sample
This purchase feels smooth; the delivery exceeded my expectations. Review number 64.,Positive,sample
I recommend it because the interface is reliable and dependable.,Positive,sample
"The speaker is useful, convenient, and works well every day.",Positive,sample
This purchase feels helpful; the interface exceeded my expectations.,Positive,sample
I recommend it because the voice recognition is great and dependable.,Positive,sample
"The connection is great, convenient, and works well every day.",Positive,sample
I had a frustrating experience with the interface and I am disappointed.,Negative,sample
"The voice recognition is frustrating, unreliable, and does not work well.",Negative,sample
I had a bad experience with the smart features and I am disappointed.,Negative,sample
I had a unreliable experience with the setup process and I am disappointed.,Negative,sample
I had a broken experience with the setup process and I am disappointed.,Negative,sample
Very unhappy with the battery life; performance is unreliable and hard to use.,Negative,sample
I do not recommend it because the interface is unreliable and problematic.,Negative,sample
"The delivery is frustrating, unreliable, and does not work well.",Negative,sample
I do not recommend it because the microphone is unreliable and problematic.,Negative,sample
I do not recommend it because the setup process is unreliable and problematic.,Negative,sample
I had a poor experience with the connection and I am disappointed.,Negative,sample
I do not recommend it because the microphone is poor and problematic.,Negative,sample
I had a bad experience with the sound quality and I am disappointed.,Negative,sample
I do not recommend it because the setup process is broken and problematic.,Negative,sample
"The voice recognition is unreliable, unreliable, and does not work well.",Negative,sample
Very unhappy with the mobile app; performance is confusing and hard to use.,Negative,sample
I do not recommend it because the battery life is disappointing and problematic.,Negative,sample
I do not recommend it because the setup process is unreliable and problematic. Review number 87.,Negative,sample
I do not recommend it because the setup process is distorted and problematic.,Negative,sample
I had a distorted experience with the sound quality and I am disappointed.,Negative,sample
I had a unreliable experience with the mobile app and I am disappointed.,Negative,sample
I do not recommend it because the microphone is confusing and problematic.,Negative,sample
"The sound quality is poor, unreliable, and does not work well.",Negative,sample
"The sound quality is poor, unreliable, and does not work well. Review number 93.",Negative,sample
I do not recommend it because the microphone is slow and problematic.,Negative,sample
This purchase feels poor; the smart features failed my expectations.,Negative,sample
Very unhappy with the mobile app; performance is confusing and hard to use. Review number 96.,Negative,sample
"The voice recognition is slow, unreliable, and does not work well.",Negative,sample
I had a frustrating experience with the smart features and I am disappointed.,Negative,sample
Very unhappy with the smart features; performance is terrible and hard to use.,Negative,sample
This purchase feels terrible; the sound quality failed my expectations.,Negative,sample
Very unhappy with the interface; performance is confusing and hard to use.,Negative,sample
Very unhappy with the sound quality; performance is disappointing and hard to use.,Negative,sample
Very unhappy with the mobile app; performance is bad and hard to use.,Negative,sample
I had a frustrating experience with the setup process and I am disappointed.,Negative,sample
"The setup process is poor, unreliable, and does not work well.",Negative,sample
Very unhappy with the delivery; performance is unreliable and hard to use.,Negative,sample
Very unhappy with the delivery; performance is terrible and hard to use.,Negative,sample
I had a poor experience with the packaging and I am disappointed.,Negative,sample
Very unhappy with the interface; performance is frustrating and hard to use.,Negative,sample
This purchase feels slow; the voice recognition failed my expectations.,Negative,sample
This purchase feels unreliable; the battery life failed my expectations.,Negative,sample
I do not recommend it because the packaging is disappointing and problematic.,Negative,sample
This purchase feels confusing; the connection failed my expectations.,Negative,sample
I had a terrible experience with the microphone and I am disappointed.,Negative,sample
Very unhappy with the setup process; performance is frustrating and hard to use.,Negative,sample
I had a distorted experience with the voice recognition and I am disappointed.,Negative,sample
Very unhappy with the mobile app; performance is slow and hard to use.,Negative,sample
This purchase feels bad; the voice recognition failed my expectations.,Negative,sample
This purchase feels slow; the mobile app failed my expectations.,Negative,sample
I do not recommend it because the smart features is distorted and problematic.,Negative,sample
This purchase feels frustrating; the packaging failed my expectations.,Negative,sample
Very unhappy with the packaging; performance is terrible and hard to use.,Negative,sample
Very unhappy with the packaging; performance is slow and hard to use.,Negative,sample
I had a disappointing experience with the battery life and I am disappointed.,Negative,sample
I had a bad experience with the smart features and I am disappointed. Review number 125.,Negative,sample
Very unhappy with the battery life; performance is disappointing and hard to use.,Negative,sample
This purchase feels frustrating; the voice recognition failed my expectations.,Negative,sample
This purchase feels unreliable; the packaging failed my expectations.,Negative,sample
This purchase feels distorted; the microphone failed my expectations.,Negative,sample
This purchase feels terrible; the setup process failed my expectations.,Negative,sample
I do not recommend it because the sound quality is slow and problematic.,Negative,sample
I had a broken experience with the mobile app and I am disappointed.,Negative,sample
This purchase feels disappointing; the smart features failed my expectations.,Negative,sample
I do not recommend it because the smart features is distorted and problematic. Review number 134.,Negative,sample
I do not recommend it because the sound quality is distorted and problematic.,Negative,sample
I had a bad experience with the smart features and I am disappointed. Review number 136.,Negative,sample
"The sound quality is distorted, unreliable, and does not work well.",Negative,sample
This purchase feels frustrating; the interface failed my expectations.,Negative,sample
"The mobile app is poor, unreliable, and does not work well.",Negative,sample
The connection is normal and works for basic tasks.,Neutral,sample
The voice recognition is acceptable and works for basic tasks.,Neutral,sample
I have used the connection briefly; the experience is standard.,Neutral,sample
The delivery performs as expected and the result is typical.,Neutral,sample
I have used the mobile app briefly; the experience is basic.,Neutral,sample
I have used the sound quality briefly; the experience is typical.,Neutral,sample
I have used the speaker briefly; the experience is acceptable.,Neutral,sample
I have used the mobile app briefly; the experience is normal.,Neutral,sample
The sound quality is typical and works for basic tasks.,Neutral,sample
This is a basic product with common features for daily use.,Neutral,sample
This is a acceptable product with common features for daily use.,Neutral,sample
I have used the sound quality briefly; the experience is basic.,Neutral,sample
I have used the connection briefly; the experience is typical.,Neutral,sample
"The battery life is standard, neither impressive nor disappointing.",Neutral,sample
"The speaker is moderate, neither impressive nor disappointing.",Neutral,sample
The sound quality performs as expected and the result is acceptable.,Neutral,sample
The mobile app is normal and works for basic tasks.,Neutral,sample
The sound quality performs as expected and the result is normal.,Neutral,sample
The speaker is regular and works for basic tasks.,Neutral,sample
"The speaker is acceptable, neither impressive nor disappointing.",Neutral,sample
The setup process performs as expected and the result is moderate.,Neutral,sample
This is a regular product with common features for daily use.,Neutral,sample
"The smart features is average, neither impressive nor disappointing.",Neutral,sample
This is a average product with common features for daily use.,Neutral,sample
The connection performs as expected and the result is basic.,Neutral,sample
This is a standard product with common features for daily use.,Neutral,sample
"The connection is regular, neither impressive nor disappointing.",Neutral,sample
The interface is normal and works for basic tasks.,Neutral,sample
"The connection is typical, neither impressive nor disappointing.",Neutral,sample
This is a normal product with common features for daily use.,Neutral,sample
I have used the speaker briefly; the experience is basic.,Neutral,sample
This is a ordinary product with common features for daily use.,Neutral,sample
The speaker performs as expected and the result is normal.,Neutral,sample
The battery life performs as expected and the result is average.,Neutral,sample
"The speaker is basic, neither impressive nor disappointing.",Neutral,sample
The packaging performs as expected and the result is regular.,Neutral,sample
"The microphone is simple, neither impressive nor disappointing.",Neutral,sample
This is a basic product with common features for daily use. Review number 177.,Neutral,sample
This is a ordinary product with common features for daily use. Review number 178.,Neutral,sample
The interface is normal and works for basic tasks. Review number 179.,Neutral,sample
The setup process performs as expected and the result is acceptable.,Neutral,sample
I have used the voice recognition briefly; the experience is normal.,Neutral,sample
I have used the sound quality briefly; the experience is ordinary.,Neutral,sample
The microphone is basic and works for basic tasks.,Neutral,sample
The microphone performs as expected and the result is standard.,Neutral,sample
This is a regular product with common features for daily use. Review number 185.,Neutral,sample
This is a simple product with common features for daily use.,Neutral,sample
I have used the packaging briefly; the experience is ordinary.,Neutral,sample
The speaker is standard and works for basic tasks.,Neutral,sample
I have used the smart features briefly; the experience is ordinary.,Neutral,sample
The sound quality performs as expected and the result is simple.,Neutral,sample
The setup process performs as expected and the result is basic.,Neutral,sample
This is a ordinary product with common features for daily use. Review number 192.,Neutral,sample
The delivery performs as expected and the result is moderate.,Neutral,sample
"The delivery is simple, neither impressive nor disappointing.",Neutral,sample
The interface performs as expected and the result is typical.,Neutral,sample
This is a ordinary product with common features for daily use. Review number 196.,Neutral,sample
This is a simple product with common features for daily use. Review number 197.,Neutral,sample
I have used the interface briefly; the experience is normal.,Neutral,sample
This is a basic product with common features for daily use. Review number 199.,Neutral,sample
This is a standard product with common features for daily use. Review number 200.,Neutral,sample
"The battery life is basic, neither impressive nor disappointing.",Neutral,sample
"The interface is acceptable, neither impressive nor disappointing.",Neutral,sample
The mobile app is ordinary and works for basic tasks.,Neutral,sample
I have used the smart features briefly; the experience is typical.,Neutral,sample
I have used the setup process briefly; the experience is basic.,Neutral,sample
This is a typical product with common features for daily use.,Neutral,sample
The speaker performs as expected and the result is simple.,Neutral,sample
The speaker is basic and works for basic tasks.,Neutral,sample
This is a regular product with common features for daily use. Review number 209.,Neutral,sample
